"sprint_number","story_ids","total_points","sprint_goal","dependencies_resolved","story_id","epic","title","user_role","description","business_value","priority","story_points","dependencies","acceptance_criteria","technical_tasks","definition_of_done"
"1","[""US-099"",""US-001"",""US-004"",""US-005"",""US-095"",""US-098""]","19","Establish the foundational UI and a complete, secure user registration flow.","true","","","","","","","","","","","",""
"2","[""US-002"",""US-003"",""US-006"",""US-008"",""US-009""]","16","Implement the core login and email verification loop, enabling user access to the platform.","true","","","","","","","","","","","",""
"3","[""US-007"",""US-010"",""US-011"",""US-012""]","14","Complete the authentication lifecycle with a secure logout and a full password recovery flow.","true","","","","","","","","","","","",""
"4","[""US-018"",""US-019"",""US-021""]","16","Enhance account security with MFA and build the foundational basic profile editing capabilities.","true","","","","","","","","","","","",""
"5","[""US-022"",""US-023"",""US-025"",""US-026"",""US-033""]","17","Build out the core profile sections for Work Experience and Education, including add/edit functionality and validation.","true","","","","","","","","","","","",""
"6","[""US-030"",""US-031"",""US-032"",""US-034""]","23","Implement profile personalization with image uploads and custom URLs, and establish the critical profile privacy controls.","true","","","","","","","","","","","",""
"","","","","","US-024","User Profile Management","Remove a Work Experience Entry from Profile","Profile Owner","As a Profile Owner, I want to permanently remove a specific work experience entry from my profile, so that I can ensure my professional history is accurate and up-to-date.","Provides users with full control over their professional data, enhancing data accuracy and building user trust.","Must Have","2","[""US-022"",""US-023""]","[{""scenario"":""User confirms the deletion"",""given"":""the deletion confirmation modal is open"",""when"":""I click the 'Confirm' button"",""then"":""the work experience entry is removed from the UI without a page reload, and a success toast notification 'Work experience removed' is displayed.""},{""scenario"":""Security: User attempts to delete another user's experience entry"",""given"":""I am logged in as User A"",""when"":""I attempt to send a direct API request to delete a work experience entry belonging to User B"",""then"":""the server rejects the request with a 403 Forbidden status code and the data is not deleted.""}]","[""Implement Work Experience Section Component (WI-027)""]","[""All acceptance criteria validated and passing."",""Integration tests are written to confirm atomic deletion from the database and search index."",""E2E tests for the happy path and cancellation flow are passing."",""UI is verified to be responsive and meets accessibility standards.""]"
"","","","","","US-027","User Profile Management","Remove an Education Entry from Profile","Profile Owner","As a registered user, I want to permanently remove an individual education entry, so that I can keep my profile accurate and relevant.","Enhances user trust and satisfaction by providing full control over personal data and improves overall data quality on the platform.","Must Have","2","[""US-025""]","[{""scenario"":""Successful removal of an education entry"",""given"":""I am a logged-in user on my profile's 'Edit Profile' page with an education entry"",""when"":""I click the 'Remove' icon next to an entry and confirm in the dialog"",""then"":""The entry is permanently deleted from the database and removed from the UI without a page reload.""},{""scenario"":""Unauthorized attempt to remove an entry"",""given"":""A user is logged in"",""when"":""They attempt to send a direct API request to delete an education entry belonging to another user"",""then"":""The backend must reject the request with a '403 Forbidden' status code.""}]","[""Implement Education Section Component (WI-028)""]","[""All acceptance criteria validated and passing."",""Integration tests for the API endpoint and service layer are passing."",""E2E tests covering the happy path and cancellation flow are passing."",""Security check confirms that a user cannot delete another user's data.""]"
"","","","","","US-028","User Profile Management","Add Skills to Profile","Profile Owner","As a professional managing my profile, I want to add a list of my skills, so that I can showcase my expertise and improve my profile's discoverability.","Enriches user profiles, providing critical data for search functionality and future features like job matching.","Must Have","5","[""US-021""]","[{""scenario"":""Successfully add a new, unique skill"",""given"":""I am a logged-in user on my profile's 'edit' page"",""when"":""I enter a valid, new skill (e.g., 'GraphQL') into the skill input field and confirm"",""then"":""The skill 'GraphQL' is added to my profile and displayed in my list of skills.""},{""scenario"":""Attempt to add a duplicate skill"",""given"":""I already have the skill 'PostgreSQL' in my skills list"",""when"":""I enter 'PostgreSQL' (case-insensitively) and attempt to add it"",""then"":""The skill is not added, and an error message 'This skill has already been added' is displayed.""}]","[""Implement Skills Section Component (WI-029)""]","[""All acceptance criteria validated and passing."",""End-to-end tests covering the happy path and key error conditions are passing."",""Input sanitization has been verified to prevent XSS."",""The asynchronous update to the OpenSearch index is confirmed to be working reliably.""]"
"","","","","","US-029","User Profile Management","Remove Skills from Profile","A registered user","As a professional user, I want to remove individual skills from my skills list, so that I can ensure my profile accurately reflects my current expertise.","Enhances profile data integrity and user satisfaction by allowing users to maintain an accurate representation of their abilities.","Must Have","2","[""US-028"",""US-038""]","[{""scenario"":""Successfully removing a skill from the profile"",""given"":""I am a logged-in user on my own profile page in 'edit' mode"",""when"":""I click the 'remove' icon next to a skill in my skills list"",""then"":""The skill is immediately removed from the list in the UI without a page reload, and any associated endorsements are also deleted.""},{""scenario"":""Unauthorized attempt to remove a skill from another user's profile"",""given"":""I am logged in as User A"",""when"":""I attempt to make a direct API call to delete a skill from User B's profile"",""then"":""The API request is rejected with a '403 Forbidden' status code.""}]","[""Implement Skills Section Component (WI-029)""]","[""All acceptance criteria validated and passing."",""Integration tests implemented to verify the transactional deletion of skills and endorsements."",""E2E tests passing for the user flow."",""Security requirements (authorization) validated.""]"
"7","[""US-035"",""US-036"",""US-037"",""US-024"",""US-027"",""US-029""]","21","Implement profile viewing logic based on privacy and connection status, and complete profile management with delete functionality for Experience, Education, and Skills.","true","","","","","","","","","","","",""
"8","[""US-039"",""US-040"",""US-041"",""US-042"",""US-043""]","13","Build the complete connection request workflow: sending, viewing, accepting, and declining invitations.","true","","","","","","","","","","","",""
"9","[""US-044"",""US-045"",""US-046"",""US-047"",""US-038""]","15","Implement connection management features, including viewing, sorting, and removing connections, and add skill endorsements.","true","","","","","","","","","","","",""
"10","[""US-048"",""US-049"",""US-050"",""US-053""]","31","Launch the core content creation and consumption experience by implementing the personalized news feed and the ability to create posts with text, images, and link previews.","true","","","","","","","","","","","",""
"11","[""US-051"",""US-052"",""US-054"",""US-055"",""US-056"",""US-059""]","22","Build out content interaction features: editing/deleting posts, adding/removing reactions, commenting, and reporting inappropriate content.","true","","","","","","","","","","","",""
"12","[""US-057"",""US-058"",""US-060"",""US-061"",""US-062""]","18","Launch the foundational direct messaging MVP, allowing users to initiate conversations, send messages, and view history.","true","","","","","","","","","","","",""
"13","[""US-063"",""US-064"",""US-065"",""US-066""]","26","Enhance the messaging experience with real-time indicators and implement the foundational user search functionality.","true","","","","","","","","","","","",""
"14","[""US-067"",""US-068"",""US-069"",""US-070"",""US-071"",""US-072""]","30","Deliver a complete advanced search experience with fuzzy matching, connection ranking, privacy enforcement, and multiple filters.","true","","","","","","","","","","","",""
"15","[""US-073"",""US-074"",""US-075"",""US-076"",""US-078"",""US-079""]","34","Implement the core real-time notification system, enabling users to receive alerts for key interactions and view them in a notification center.","true","","","","","","","","","","","",""
"16","[""US-077"",""US-080"",""US-081"",""US-013""]","26","Refine the notification system with batching and user preferences, and implement the account deactivation/reactivation lifecycle.","true","","","","","","","","","","","",""
"17","[""US-096"",""US-097"",""US-015"",""US-016"",""US-017"",""US-020"",""US-100""]","46","Finalize critical user account and privacy management features, including the Privacy Dashboard, data export, permanent deletion, security audit trail, and Help Center.","true","","","","","","","","","","","",""