"task_id","title","description","type","status","priority","assignee","reporter","due_date","estimated_hours","story_points","labels","sprint","sprint_goal","epic","epic_id","project","parent_id","dependencies","skills_required","complexity","risk_level","acceptance_criteria","definition_of_done","created_at","updated_at","sprint_start_date","sprint_end_date","capacity_allocation","collaboration_required","external_dependencies","testing_requirements","deployment_notes","business_value"
"T-INF-001-01","Terraform: Define VPC, Subnets, NAT Gateway, and Security Groups","Create a new VPC with public and private subnets across multiple availability zones. Define security groups for EKS, RDS, ElastiCache, and OpenSearch to control traffic flow based on least-privilege principles. Set up NAT Gateway for egress from private subnets.","Task","Sprint Backlog","Critical","devops-eng-1@company.com","product.owner@company.com","2025-02-07","13","3","terraform,aws,networking,devops","Sprint 1","Provision core AWS infrastructure and establish the CI/CD pipeline foundation.","Core Infrastructure & DevOps Foundation","EPIC-001","Professional Networking Platform","WS-001","","Terraform,AWS VPC,Network Security","High","Medium","Terraform apply successfully provisions the VPC, subnets, NAT Gateway, and security groups. Security group rules are verified to only allow necessary traffic between defined components.","Code reviewed; Terraform plan validated; Successful 'terraform apply'; Resources verified in AWS Console.","2024-10-26T10:00:00Z","2024-10-26T10:00:00Z","2025-01-27","2025-02-07","100%","Security Team for rule validation","AWS account with IAM permissions","Manual verification of created resources in AWS Console.","This is the foundational networking layer for all other infrastructure components.","Creates the foundational, version-controlled cloud environment required to host the entire application."
"T-INF-001-02","Terraform: Provision AWS EKS Cluster","Define and provision the Elastic Kubernetes Service (EKS) cluster using the official AWS EKS Terraform module. Configure managed node groups and IAM roles for service accounts (IRSA).","Task","Sprint Backlog","Critical","devops-eng-1@company.com","product.owner@company.com","2025-02-07","17","3","terraform,aws,eks,kubernetes","Sprint 1","Provision core AWS infrastructure and establish the CI/CD pipeline foundation.","Core Infrastructure & DevOps Foundation","EPIC-001","Professional Networking Platform","WS-001","T-INF-001-01","Terraform,AWS EKS,Kubernetes,IAM","High","High","`kubectl` can connect to the new cluster using a generated kubeconfig. Node groups are running and spread across at least two configured availability zones.","Code reviewed; Successful 'terraform apply'; `kubectl get nodes` confirms cluster is operational.","2024-10-26T10:00:00Z","2024-10-26T10:00:00Z","2025-01-27","2025-02-07","100%","Backend team to validate cluster access","AWS EKS service availability","Connect to cluster with kubectl and check node status.","EKS cluster must be deployed within the VPC and subnets from T-INF-001-01.","Creates the container orchestration platform for all microservices."
"T-INF-001-03","Terraform: Provision AWS RDS for PostgreSQL (Multi-AZ)","Define and provision a PostgreSQL database using AWS RDS. The configuration must include Multi-AZ for high availability, automated daily snapshots with a 30-day retention, and continuous transaction log archiving for Point-In-Time Recovery (PITR).","Task","Sprint Backlog","Critical","devops-eng-1@company.com","product.owner@company.com","2025-02-07","10.7","2","terraform,aws,rds,postgresql","Sprint 1","Provision core AWS infrastructure and establish the CI/CD pipeline foundation.","Core Infrastructure & DevOps Foundation","EPIC-001","Professional Networking Platform","WS-001","T-INF-001-01","Terraform,AWS RDS,PostgreSQL","Medium","Medium","The instance is confirmed to be in a 'Multi-AZ' configuration. Automated backups are enabled with a 30-day retention period. Cross-region backup copy is enabled.","Code reviewed; Successful 'terraform apply'; Settings verified in AWS Console.","2024-10-26T10:00:00Z","2024-10-26T10:00:00Z","2025-01-27","2025-02-07","100%","Backend team for connection validation","AWS RDS service availability","Manual inspection of the RDS instance settings in the AWS Console.","Requires private subnets and security groups from VPC setup.","Provisions the primary, highly-available database for the platform."
"T-INF-001-04","Terraform: Provision AWS ElastiCache for Redis","Define and provision a Redis cluster using AWS ElastiCache for session management, JWT blocklists, and other application caching needs.","Task","Sprint Backlog","High","devops-eng-1@company.com","product.owner@company.com","2025-02-07","6.3","1","terraform,aws,redis,elasticache","Sprint 1","Provision core AWS infrastructure and establish the CI/CD pipeline foundation.","Core Infrastructure & DevOps Foundation","EPIC-001","Professional Networking Platform","WS-001","T-INF-001-01","Terraform,AWS ElastiCache,Redis","Low","Low","The cluster endpoint is available and can be resolved within the VPC. The security group allows access only from the EKS cluster's security group.","Code reviewed; Successful 'terraform apply'; Test connection from an EKS pod.","2024-10-26T10:00:00Z","2024-10-26T10:00:00Z","2025-01-27","2025-02-07","100%","Backend team","AWS ElastiCache service availability","Test connection from a pod in the EKS cluster.","Requires VPC private subnets and security groups.","Provisions the primary caching layer for performance and session management."
"T-CD-002-01","Create Multi-Stage Dockerfiles for all Services","For each backend NestJS microservice and the frontend Next.js application, create a multi-stage Dockerfile for minimal, secure runtime images.","Task","Sprint Backlog","Critical","backend-eng-1@company.com","product.owner@company.com","2025-02-07","17","3","docker,devops,backend,frontend","Sprint 1","Provision core AWS infrastructure and establish the CI/CD pipeline foundation.","Core Infrastructure & DevOps Foundation","EPIC-001","Professional Networking Platform","WS-002","","Docker,Node.js,NestJS,Next.js","Medium","Low","`docker build` successfully creates a runnable, optimized container image for each service. The container runs as a non-root user.","Code reviewed; `docker build` and `docker run` successful for all services.","2024-10-26T10:00:00Z","2024-10-26T10:00:00Z","2025-01-27","2025-02-07","100%","All developers","","Running `docker build` and `docker run` locally for each service.","Container images are required before any deployment can be configured.","Enables consistent and repeatable application builds for local development and cloud deployment."
"T-CD-002-03","GitHub Actions: Implement CI Workflow (Build, Test, Scan)","Create a reusable GitHub Actions workflow for CI. It triggers on push, installs dependencies, runs linting, executes tests, enforces code coverage, and performs SAST/SCA scans.","Task","Sprint Backlog","Critical","devops-eng-1@company.com","product.owner@company.com","2025-02-07","29","5","github-actions,ci,devops,security","Sprint 1","Provision core AWS infrastructure and establish the CI/CD pipeline foundation.","Core Infrastructure & DevOps Foundation","EPIC-001","Professional Networking Platform","WS-002","","GitHub Actions,YAML,SAST,SCA","High","High","The workflow successfully executes all defined steps. The build fails if any quality or security gates are not met.","Code reviewed; Workflow file merged; Workflow runs successfully in GitHub on test commits.","2024-10-26T10:00:00Z","2024-10-26T10:00:00Z","2025-01-27","2025-02-07","100%","All developers","GitHub, Snyk/CodeQL","Observing workflow runs in the GitHub Actions tab for passing and failing scenarios.","The CI pipeline is essential for verifying code quality before any deployment.","Automates code quality and security checks, improving stability and reducing vulnerabilities."
"T-IAM-001-01","DB: Design and Implement User & Auth Schema","Create and apply database migration scripts for the `users`, `roles`, and `user_tokens` tables. The `users` table will store email, a securely hashed password, and an account status ENUM.","Task","Sprint Backlog","Critical","backend-eng-1@company.com","product.owner@company.com","2025-02-07","6.3","1","database,postgresql,backend,iam","Sprint 1","Provision core AWS infrastructure and establish the CI/CD pipeline foundation.","Identity & Access Management (IAM)","EPIC-002","Professional Networking Platform","US-001","T-INF-001-03","PostgreSQL,SQL,TypeORM","Low","Low","Migration scripts run successfully. Tables, columns, ENUM types, foreign keys, and unique constraints are created as specified.","Code reviewed; Migration script runs successfully against the local and staging database.","2024-10-26T10:00:00Z","2024-10-26T10:00:00Z","2025-01-27","2025-02-07","100%","","","Running migrations and inspecting the database schema.","Requires the RDS PostgreSQL instance to be provisioned.","Creates the foundational data store for all user identity information."
"T-IAM-001-02","BE: Implement Registration Endpoint Logic","In the NestJS Identity Service, create the gRPC method and service logic for user registration, including DTO validation, password complexity validation, uniqueness check, password hashing, and user creation.","Task","Sprint Backlog","Critical","backend-eng-2@company.com","product.owner@company.com","2025-02-07","8.3","2","backend,nestjs,iam,security","Sprint 1","Provision core AWS infrastructure and establish the CI/CD pipeline foundation.","Identity & Access Management (IAM)","EPIC-002","Professional Networking Platform","US-001","T-IAM-001-01","NestJS,TypeScript,bcrypt,TypeORM","Medium","High","Endpoint returns a 409 Conflict for a duplicate email. Endpoint returns a 400 Bad Request for a weak password. The password stored in the database is a valid bcrypt hash.","Code reviewed; Unit and integration tests passing; Security best practices for password hashing confirmed.","2024-10-26T10:00:00Z","2024-10-26T10:00:00Z","2025-01-27","2025-02-07","100%","","","Integration tests that call the endpoint with valid and invalid data.","Requires the user database schema to be in place.","Enables the core user acquisition mechanism for the platform."
"T-IAM-001-05","FE: Build Registration Page UI","Develop the user registration page in Next.js using MUI components, including client-side validation for email format and password complexity rules.","Task","Sprint Backlog","Critical","frontend-eng-1@company.com","product.owner@company.com","2025-02-07","12","2","frontend,nextjs,react,ui","Sprint 1","Provision core AWS infrastructure and establish the CI/CD pipeline foundation.","Identity & Access Management (IAM)","EPIC-002","Professional Networking Platform","US-001","","Next.js,React,MUI,TypeScript,React Hook Form","Medium","Low","The registration form renders correctly with all required fields. Client-side validation provides real-time feedback. The form is responsive and meets accessibility standards.","Code reviewed; Unit tests for validation logic are passing; E2E tests for form interaction are passing; Accessibility audit passed.","2024-10-26T10:00:00Z","2024-10-26T10:00:00Z","2025-01-27","2025-02-07","100%","UX Designer for review","","E2E tests and manual testing across different browsers and viewports.","This UI is required for any user to join the platform.","Provides the user-facing entry point for user acquisition."
"T-CD-002-02","Create Kubernetes Manifests for Each Service","For each microservice, create Kubernetes manifest files (Deployment, Service, Ingress, etc.). The Deployment should specify resource requests/limits, a rolling update strategy, and readiness/liveness probes.","Task","Sprint Backlog","Critical","devops-eng-1@company.com","product.owner@company.com","2025-02-21","24.7","5","kubernetes,devops,deployment","Sprint 2","Deploy a fully functional Identity & Access Management (IAM) service. Users can register, verify email, log in, and log out.","Core Infrastructure & DevOps Foundation","EPIC-001","Professional Networking Platform","WS-002","T-INF-001-02,T-CD-002-01","Kubernetes,YAML","High","Medium","`kubectl apply` successfully deploys the application. Pods, services, and ingresses are created correctly and are healthy. Readiness and liveness probes are configured.","Code reviewed; Manifests successfully applied to staging EKS cluster; Pods are running and healthy.","2024-10-26T10:00:00Z","2024-10-26T10:00:00Z","2025-02-10","2025-02-21","100%","Backend team","","Running `kubectl get all` and verifying the status of all deployed resources.","Requires a running EKS cluster and container images to deploy.","Defines how applications are run and scaled in the production environment."
"T-CD-002-04","GitHub Actions: Implement CD Workflow (Deploy to Staging)","Create a GitHub Actions workflow for CD. Triggers on merge to main, builds image, runs container scan, pushes to ECR, and deploys to the EKS staging cluster.","Task","Sprint Backlog","Critical","devops-eng-1@company.com","product.owner@company.com","2025-02-21","29","5","github-actions,cd,devops,deployment","Sprint 2","Deploy a fully functional Identity & Access Management (IAM) service. Users can register, verify email, log in, and log out.","Core Infrastructure & DevOps Foundation","EPIC-001","Professional Networking Platform","WS-002","T-CD-002-03,T-CD-002-02","GitHub Actions,AWS ECR,Kubernetes,Container Security","High","High","A merge to `main` successfully triggers a deployment to staging. The new version is confirmed running. The pipeline fails if the container scan finds critical vulnerabilities.","Code reviewed; Workflow file merged; A test merge to main successfully deploys the IAM service.","2024-10-26T10:00:00Z","2024-10-26T10:00:00Z","2025-02-10","2025-02-21","100%","","AWS, GitHub","Merging a change to `main` and observing a successful deployment.","Deployment can only happen after a successful CI run and requires Kubernetes manifests.","Automates the release process, enabling rapid and reliable delivery of new features."
"T-IAM-002-01","BE: Implement Email Verification Token Generation","Upon registration, the Identity Service must generate a secure, unique, time-limited token, store it, and publish a `UserRegistered` event with the user details and token.","Task","Sprint Backlog","Critical","backend-eng-1@company.com","product.owner@company.com","2025-02-21","6.3","2","backend,nestjs,security,iam","Sprint 2","Deploy a fully functional Identity & Access Management (IAM) service. Users can register, verify email, log in, and log out.","Identity & Access Management (IAM)","EPIC-002","Professional Networking Platform","US-002","T-IAM-001-02","NestJS,TypeScript,Cryptography","Medium","Medium","A cryptographically secure token is generated. The token and expiry are persisted. A `UserRegistered` event is successfully published.","Code reviewed; Unit tests passing; Integration test verifies token storage and event publication.","2024-10-26T10:00:00Z","2024-10-26T10:00:00Z","2025-02-10","2025-02-21","100%","","","Integration test verifying the token is stored and the event is published.","This is an extension of the registration logic.","Creates the secure mechanism required to verify user email ownership."
"T-IAM-003-01","BE: Implement Account Verification Endpoint","Create a backend endpoint that accepts a verification token, validates it (not expired, not used), updates the user's status to 'active', and invalidates the token atomically.","Task","Sprint Backlog","Critical","backend-eng-2@company.com","product.owner@company.com","2025-02-21","8.7","2","backend,nestjs,iam,security","Sprint 2","Deploy a fully functional Identity & Access Management (IAM) service. Users can register, verify email, log in, and log out.","Identity & Access Management (IAM)","EPIC-002","Professional Networking Platform","US-003","T-IAM-002-01","NestJS,TypeORM,PostgreSQL","Medium","Medium","Endpoint successfully activates a user's account with a valid token. It returns an error for invalid/expired tokens. The token is invalidated after one use.","Code reviewed; Integration tests cover all token validation scenarios.","2024-10-26T10:00:00Z","2024-10-26T10:00:00Z","2025-02-10","2025-02-21","100%","","","API-level tests submitting valid, expired, and invalid tokens.","Consumes the token generated in the registration process.","Enables the final step of user onboarding, activating their account."
"T-IAM-006-01","BE: Implement Login Endpoint and JWT Issuance","Create a login endpoint that validates credentials, checks for 'active' status, and on success, generates and signs a short-lived access token and a long-lived refresh token.","Task","Sprint Backlog","Critical","backend-eng-1@company.com","product.owner@company.com","2025-02-21","12","3","backend,nestjs,jwt,security","Sprint 2","Deploy a fully functional Identity & Access Management (IAM) service. Users can register, verify email, log in, and log out.","Identity & Access Management (IAM)","EPIC-002","Professional Networking Platform","US-006","T-IAM-001-01","NestJS,JWT,bcrypt,TypeScript","Medium","High","Endpoint successfully authenticates a valid, active user. Rejects inactive users or incorrect credentials. Returns valid access and refresh tokens.","Code reviewed; Integration tests for all login scenarios are passing; Security review of JWT generation complete.","2024-10-26T10:00:00Z","2024-10-26T10:00:00Z","2025-02-10","2025-02-21","100%","","","API-level integration tests.","Requires the user table with hashed passwords to exist.","Provides the primary mechanism for users to access the platform after registration."
"T-IAM-007-01","BE: Implement Logout Endpoint and JWT Blocklist","Create a logout endpoint that extracts the JTI from access/refresh tokens and adds them to a Redis blocklist with a TTL matching the token's remaining validity.","Task","Sprint Backlog","Critical","backend-eng-2@company.com","product.owner@company.com","2025-02-21","6.3","2","backend,nestjs,redis,security","Sprint 2","Deploy a fully functional Identity & Access Management (IAM) service. Users can register, verify email, log in, and log out.","Identity & Access Management (IAM)","EPIC-002","Professional Networking Platform","US-007","T-INF-001-04,T-IAM-006-01","NestJS,Redis,JWT","Medium","Medium","Upon logout request, token JTIs are added to the Redis blocklist. Blocklist entries have a correct TTL.","Code reviewed; Integration test verifies JTIs are added to Redis.","2024-10-26T10:00:00Z","2024-10-26T10:00:00Z","2025-02-10","2025-02-21","100%","","","Checking Redis content after a test logout call.","Requires Redis and JWT issuance logic.","Implements server-side session invalidation, a critical security feature."
"T-IAM-007-02","BE: Implement API Gateway Authorizer Check against Blocklist","Modify the central JWT Authorizer to query the Redis blocklist, ensuring a token's JTI is not present before allowing a request to proceed.","Task","Sprint Backlog","Critical","backend-eng-1@company.com","product.owner@company.com","2025-02-21","6.7","2","backend,security,jwt,redis","Sprint 2","Deploy a fully functional Identity & Access Management (IAM) service. Users can register, verify email, log in, and log out.","Identity & Access Management (IAM)","EPIC-002","Professional Networking Platform","US-007","T-IAM-007-01","NestJS,Redis,JWT,Security","High","High","The authorizer rejects requests made with a blocklisted token. The performance impact is minimal (< 5ms).","Code reviewed; Integration test attempts to use a blocklisted token and confirms rejection.","2024-10-26T10:00:00Z","2024-10-26T10:00:00Z","2025-02-10","2025-02-21","100%","","","API-level test: log in, log out, then attempt to use the original token.","This task validates tokens that the logout endpoint blocklists.","Enforces server-side session invalidation for all protected resources."
"T-QA-IAM-E2E","QA: Automate E2E Tests for IAM Flow","Using Cypress, create an end-to-end test suite for the full user identity lifecycle: Registration -> Email Verification -> Login -> Logout. The suite must cover happy paths and key error conditions like duplicate email and incorrect credentials.","Task","Sprint Backlog","Critical","qa-eng-1@company.com","product.owner@company.com","2025-02-21","24","5","qa,e2e,cypress,testing","Sprint 2","Deploy a fully functional Identity & Access Management (IAM) service. Users can register, verify email, log in, and log out.","Identity & Access Management (IAM)","EPIC-002","Professional Networking Platform","EPIC-002","T-IAM-001-06,T-IAM-003-02,T-IAM-006-03,T-IAM-007-03","Cypress,TypeScript,Testing","Medium","Medium","The Cypress test suite runs successfully in the CI pipeline. The tests cover registration, email verification link handling (with a mail-trap), successful login, and logout.","Test suite created; Tests are passing reliably in CI/CD pipeline.","2024-10-26T10:00:00Z","2024-10-26T10:00:00Z","2025-02-10","2025-02-21","100%","Frontend team","Cypress, Mailtrap service","Running the Cypress suite.","This provides regression testing for the most critical user flow.","Ensures the core user onboarding and access functionality remains stable and bug-free."